<?xml version="1.0" encoding="UTF-8"?>
<beans xmlns="http://www.springframework.org/schema/beans"
       xmlns:xsi="http://www.w3.org/2001/XMLSchema-instance"
       xmlns:context="http://www.springframework.org/schema/context"
       xsi:schemaLocation="http://www.springframework.org/schema/beans
    http://www.springframework.org/schema/beans/spring-beans.xsd
    http://www.springframework.org/schema/context
    http://www.springframework.org/schema/context/spring-context.xsd">


    <context:component-scan base-package="com.imooc.oa.dao" />


    <bean id="dataSource" class="org.springframework.jdbc.datasource.DriverManagerDataSource">
        <property name="driverClassName" value="com.mysql.jdbc.Driver" />
        <property name="url" value="jdbc:mysql://localhost:3306/oa?useUnicode=true&amp;characterEncoding=utf-8" />
        <property name="username" value="root"/>
        <property name="password" value="root"/>
    </bean>


    <bean id="sessionFactory" class="org.mybatis.spring.SqlSessionFactoryBean">
        <property name="dataSource" ref="dataSource" />
        <property name="typeAliasesPackage" value="com.imooc.oa.entity" />
    </bean>

    <bean class="org.mybatis.spring.mapper.MapperScannerConfigurer" >
        <property name="sqlSessionFactoryBeanName" value="sessionFactory" />
        <property name="basePackage"  value="com.imooc.oa.dao" />
    </bean>




</beans>