<?xml version="1.0" encoding="UTF-8"?>
<!DOCTYPE mapper PUBLIC "ClaimVoucherItemDao" "http://mybatis.org/dtd/mybatis-3-mapper.dtd">

<mapper namespace="com.imooc.oa.dao.ClaimVoucherItemDao">
    <resultMap id="claim_voucher_item" type="ClaimVoucherItem">
        <id property="id" column="id" javaType="Integer" />
        <result property="claimVoucherId" column="claim_voucher_id" javaType="Integer" />
        <result property="item" column="item" javaType="String" />
        <result property="amount" column="amount" javaType="Double" />
        <result property="comment" column="comment" javaType="String" />
    </resultMap>

    <insert id="insert"  parameterType="ClaimVoucherItem">
        insert into claim_voucher_item (claim_voucher_id,item,amount,comment)
        values(#{claimVoucherId},#{item},#{amount},#{comment})

    </insert>

    <update id="update" parameterType="ClaimVoucherItem">
        update claim_voucher_item set claim_voucher_id = #{claimVoucherId},item= #{item},amount=#{amount},comemnt=#{comment}
        where id = #{id}
    </update>

    <delete id="delete" parameterType="Integer">
        delete from claim_voucher_item where id=#{id}
    </delete>

    <select id="selectByClaimVoucher" resultMap="claim_voucher_item" parameterType="String">
        select * from  claim_voucher_item where claim_voucher_id = #{cvid} order by id
    </select>


</mapper>
