<?xml version="1.0" encoding="UTF-8"?>
<!DOCTYPE mapper PUBLIC "ClaimVoucherDao" "http://mybatis.org/dtd/mybatis-3-mapper.dtd">

<mapper namespace="com.imooc.oa.dao.ClaimVoucherDao">

    <resultMap id="claimVoucher" type="ClaimVoucher">
        <id property="id" column="id" javaType="int" />
        <result property="cause" column="cause" javaType="String" />
        <result property="createSn" column="create_sn" javaType="String" />
        <result property="createTime" column="create_time" javaType="java.util.Date"/>
        <result property="nextDealSn" column="next_deal_sn" javaType="String" />
        <result property="totalAmount" column="total_amount" javaType="Double" />
        <result property="status" column="status" javaType="String" />
        <association property="creater" column="create_sn" javaType="Employee">
            <result property="name" column="cname" javaType="String" />
            <result property="post" column="cpost" javaType="String"/>
        </association>
        <association property="dealer" column="next_deal_sn" javaType="Employee">
            <result property="name" column="dname" javaType="String" />
            <result property="post" column="dpost" javaType="String" />
        </association>
    </resultMap>

    <insert id="insert" useGeneratedKeys="true" keyProperty="id" parameterType="ClaimVoucher">
        insert into claim_voucher (cause,create_sn,create_time,next_deal_sn,total_amount,status)
         values (#{cause},#{createSn},#{createTime},#{nextDealSn},#{totalAmount},#{status})
    </insert>

    <update id="update" parameterType="ClaimVoucher">
        update claim_voucher set cause=#{cause},next_deal_sn=#{nextDealSn},
        total_amount=#{totalAmount},status=#{status} where id=#{id}
    </update>


    <delete id="delete" parameterType="Integer">
        delete from claim_voucher where id=#{id}
    </delete>

    <select id="select" resultMap="claimVoucher"  parameterType="Integer">

        select cv.*,ce.name cname,ce.post cpost,d.name dname,d.post dpost
        from claim_voucher cv
        left join employee ce on ce.sn = cv.create_sn
        left join employee d on d.sn = cv.next_deal_sn
        where cv.id=#{id}
    </select>


    <select id="selectByCreaterSn" resultMap="claimVoucher" parameterType="String">
        select cv.*,ce.name cname,ce.post cpost,d.name dname,d.post dpost
        from claim_voucher cv
        left join employee ce on ce.sn = cv.create_sn
        left join employee d on d.sn = cv.next_deal_sn
        where cv.create_sn = #{csn} order by cv.create_time desc

    </select>

    <select id="selectByNextDealSn" resultMap="claimVoucher" parameterType="String">
      select cv.*,ce.name cname,ce.post cpost,d.name dname,d.post dpost
      from claim_voucher cv
      left join employee ce on ce.sn = cv.create_sn
      left join employee d on d.sn = cv.next_deal_sn
      where cv.next_deal_sn = #{ndsn} order by  cv.create_time desc

    </select>

</mapper>
