<?xml version="1.0" encoding="UTF-8"?>
<beans xmlns="http://www.springframework.org/schema/beans"
       xmlns:xsi="http://www.w3.org/2001/XMLSchema-instance"
       xmlns:context="http://www.springframework.org/schema/context"
       xmlns:aop="http://www.springframework.org/schema/aop"
       xmlns:tx="http://www.springframework.org/schema/tx"
       xsi:schemaLocation="http://www.springframework.org/schema/beans
    http://www.springframework.org/schema/beans/spring-beans.xsd
    http://www.springframework.org/schema/context
    http://www.springframework.org/schema/context/spring-context.xsd
    http://www.springframework.org/schema/aop
    http://www.springframework.org/schema/aop/spring-aop.xsd
    http://www.springframework.org/schema/tx
    http://www.springframework.org/schema/tx/spring-tx.xsd">

        <import resource="spring-dao.xml"/>

        <context:component-scan base-package="com.imooc.oa.biz"/>

        <aop:aspectj-autoproxy/>

        <bean id="transationManager"  class="org.springframework.jdbc.datasource.DataSourceTransactionManager">
            <property name="dataSource" ref="dataSource"/>
        </bean>

        <tx:advice id="txAdvice" transaction-manager="transationManager">
                <tx:attributes>
                        <tx:method name="get*" read-only="true"/>
                        <tx:method name="find*" read-only="true"/>
                        <tx:method name="search*" read-only="true"/>
                        <tx:method name="*" propagation="REQUIRED"/>
                </tx:attributes>
        </tx:advice>


        <aop:config>
                <aop:pointcut id="txpc" expression="execution(* com.imooc.oa.biz.*.*(..))"/>
                <aop:advisor advice-ref="txAdvice" pointcut-ref="txpc"/>
        </aop:config>

</beans>